"","p_val","avg_log2FC","pct.1","pct.2","p_val_adj"
"DPYSL3",0,0.813115632573133,0.459,0.051,0
"LEPR",0,0.968436606161241,0.419,0.023,0
"LY6H",0,0.733672359503026,0.39,0.015,0
"SST",7.42726461294602e-306,6.87460898123869,0.972,0.73,1.17781562232098e-301
"RBP4",2.90671112814302e-271,2.58108379349291,0.675,0.207,4.6094625070092e-267
"AQP3",4.73292326931533e-250,2.16047170314739,0.744,0.27,7.50546972048025e-246
"BCHE",2.46461052173613e-221,0.314816881878128,0.16,0.004,3.90837936536916e-217
"SEC11C",3.76361598423337e-206,1.33101289460949,0.861,0.488,5.96834222779728e-202
"ANXA2",2.18179872891601e-194,-1.99571080705003,0.286,0.771,3.45989642431501e-190
"CBLN4",1.21923297807421e-188,0.291272626571854,0.166,0.007,1.93345965663008e-184
"MS4A8",2.45996979615893e-183,0.329413997302214,0.208,0.017,3.90102010274883e-179
"PLEKHB1",1.77748780452424e-176,0.540272652596491,0.311,0.048,2.81874016041455e-172
"HHEX",7.54162533259878e-167,0.466557437668092,0.257,0.033,1.19595094524352e-162
"CARD11",1.13414488419593e-165,0.457543153819857,0.282,0.041,1.79852695735791e-161
"CHGB",3.80446412114824e-157,0.951170240768597,0.986,0.656,6.03311920331688e-153
"BAIAP3",7.7124691095276e-154,0.659727238369493,0.454,0.125,1.22304335138889e-149
"FRZB",2.18781330649047e-153,0.337497625660102,0.14,0.007,3.4694343414326e-149
"PCSK1",8.78199035416571e-145,1.20778816962654,0.724,0.306,1.3926480303636e-140
"NLRP1",4.44873169080231e-136,0.926234747007004,0.859,0.491,7.0547987152743e-132
"RPL10",1.33735885684327e-135,-0.950454823532717,0.998,0.999,2.12078367518206e-131
"FTL",1.21926000454591e-131,-1.10269960157378,0.989,0.998,1.9335025152089e-127
"RPS18",5.51061122127265e-128,-0.674244065241881,0.993,0.999,8.73872727469417e-124
"TMEM130",7.85323390937825e-126,0.262897110706101,0.166,0.017,1.2453658333492e-121
"PON3",9.1515207669792e-125,0.348498416240196,0.226,0.036,1.45124816322756e-120
"RGS2",1.48807357949823e-124,1.12563196775343,0.48,0.169,2.3597870823683e-120
"IDS",5.92371109783511e-124,0.78506257379319,0.926,0.641,9.39382105894692e-120
"MIR7.3HG",9.53158268413189e-122,0.628548312344265,0.499,0.177,1.51151838204964e-117
"BEX1",1.46494923408233e-121,0.764579387938908,0.868,0.517,2.32311649540777e-117
"MAP1B",2.92459744791353e-118,0.832513546135655,0.774,0.436,4.63782663290127e-114
"RPLP0",1.63730669554001e-117,-0.658388392808688,0.992,0.999,2.59644095778736e-113
"QDPR",2.4254120322489e-114,0.753822901258075,0.669,0.327,3.8462184007403e-110
"ISL1",8.19259469608874e-109,0.750868339637583,0.575,0.245,1.29918166690575e-104
"PEG10",4.89470839166954e-108,1.0472973106645,0.648,0.312,7.76202856750955e-104
"ARFGEF3",1.18583081155397e-106,0.762673580526086,0.67,0.334,1.88049050096228e-102
"RPL13A",2.65406338553998e-104,-0.509929986881183,1,1,4.20881371678931e-100
"DHRS2",2.80200808426953e-104,0.820102995990111,0.489,0.187,4.44342442003463e-100
"PCSK1N",9.27049926358635e-104,0.8322502467662,0.995,0.727,1.47011577321952e-99
"RPS2",1.51842172567427e-103,-0.621575275301335,0.998,0.999,2.40791317257426e-99
"RPL7A",2.22303007053512e-103,-0.497263195927157,1,1,3.52528108585459e-99
"PPY",3.39120186389234e-100,6.39201391739484,0.502,0.229,5.37776791576047e-96
"UCP2",5.95128730478101e-95,0.409803269896519,0.292,0.075,9.43755140792172e-91
"FGF14",8.90903564585744e-95,0.483802829235858,0.333,0.099,1.41279487272007e-90
"MLPH",4.63224214316675e-94,0.295439902262686,0.171,0.027,7.34580959063383e-90
"IFITM3",5.43703042278763e-94,-2.07114527155057,0.061,0.406,8.62204284445662e-90
"TMSB10",1.38284466873901e-92,-1.75972759700959,0.441,0.71,2.19291507568632e-88
"GABRB3",2.17622467099476e-92,0.547740913284369,0.468,0.187,3.45105708326349e-88
"PCP4",2.02896446011411e-91,0.79327238187016,0.613,0.3,3.21753184084895e-87
"DIRAS3",2.85556144739466e-90,0.430739247441274,0.292,0.079,4.52834934327846e-86
"NPW",3.5754846973857e-89,0.277548419027186,0.144,0.019,5.67000363311425e-85
"ETV1",1.02850178381797e-88,0.43904012276636,0.33,0.1,1.63099812877854e-84
"RPL36A",1.05661481246662e-88,-0.641325271717162,0.961,0.985,1.67557976960957e-84
"TAGLN2",1.85090406072127e-88,-0.801558840250413,0.842,0.933,2.93516365949179e-84
"RPS19",1.85178125734584e-87,-0.62417994238665,0.99,0.996,2.93655471789904e-83
"RPL18A",7.13666931481703e-85,-0.62726142774034,0.981,0.994,1.13173301994369e-80
"RPL41",8.82474362711109e-85,-0.463735205662474,1,1,1.39942784438728e-80
"GAPDH",2.17798197754275e-83,-0.862860432222344,0.995,0.992,3.45384381998729e-79
"FXYD6",9.42297823194667e-83,0.634005286024956,0.586,0.279,1.4942958880221e-78
"IGFBP2",3.13007615136724e-82,-1.05045266678221,0.055,0.383,4.96367476083817e-78
"ZFP36L1",5.39034360978948e-81,-1.55590810924722,0.056,0.372,8.54800689640415e-77
"GCH1",7.70052964560582e-79,0.765683416110274,0.652,0.364,1.22114999120017e-74
"RPS17",2.52401341615124e-78,-0.492500895458133,0.992,0.998,4.00258047533263e-74
"RPS16",4.48848035517892e-77,-0.504955839423914,0.988,0.997,7.11783214724272e-73
"ENO1",3.14326305798625e-76,-0.733614775432276,0.767,0.896,4.9845865573546e-72
"RPS8",3.27283634518281e-76,-0.433865611869876,1,0.999,5.19006387619091e-72
"TMOD1",1.02457411578818e-75,0.548629654010784,0.773,0.467,1.6247696328169e-71
"RPLP1",1.30861323251499e-75,-0.452335644995529,1,0.999,2.07519886412227e-71
"SERPINA1",1.67248904106685e-75,1.0365481279393,0.743,0.41,2.65223312132381e-71
"RPL28",5.72085418792837e-75,-0.496617876249104,0.986,0.996,9.07213057121681e-71
"KCNJ8",5.84527387430126e-75,0.331324302511588,0.261,0.074,9.26943530986694e-71
"EGR1",9.56426486526322e-75,0.733217747708069,0.72,0.428,1.51670112233344e-70
"PTPRN",2.84584693568654e-74,0.544772653762328,0.94,0.602,4.51294407061172e-70
"ECEL1",4.79861476324136e-74,0.603675355790791,0.179,0.037,7.60964329154815e-70
"TUBA1C",1.99810080533303e-73,-0.898035509210885,0.213,0.522,3.16858825709712e-69
"SMOC1",6.52462148297676e-73,0.547349901733472,0.562,0.27,1.03467447477045e-68
"UCHL1",2.19616395284775e-72,0.538047229707006,0.849,0.506,3.48267679642596e-68
"NPHP4",2.52967090520799e-71,0.306530787158216,0.227,0.06,4.01155212147884e-67
"PDLIM4",5.22716249321514e-71,0.410503308432603,0.44,0.184,8.28923428174056e-67
"SAMD5",6.31305443555012e-71,0.261946429816416,0.19,0.043,1.00112417238954e-66
"CALY",1.05899246053015e-70,0.485838402586847,0.525,0.243,1.67935024390871e-66
"PRKACB",1.3415783552536e-70,0.396228284196026,0.369,0.142,2.12747495576116e-66
"ITM2C",1.75547786639277e-69,0.556846412884739,0.544,0.279,2.78383680052565e-65
"SSTR1",3.08635852645214e-69,0.401159497539372,0.3,0.099,4.89434735124781e-65
"RPS28",3.85323321997921e-69,-0.414683857944476,0.997,0.999,6.11045724024303e-65
"RPL29",1.09182233002141e-68,-0.640512424452246,0.89,0.956,1.73141185094795e-64
"PSIP1",6.71996268501877e-68,0.315260214726463,0.283,0.092,1.06565168259028e-63
"EEF1A1",1.39090827271309e-66,-0.444333525034072,1,1,2.20570233886842e-62
"YBX3",1.57023972128938e-66,-0.762198533409448,0.03,0.302,2.49008615002071e-62
"PLAC8",6.42643364026322e-66,0.308269880843982,0.226,0.064,1.01910384667294e-61
"PPIA",8.59888436965835e-66,-0.541380497902952,0.868,0.95,1.36361108334042e-61
"ANXA11",2.77384248686509e-65,-0.631441749283817,0.399,0.672,4.39875941567066e-61
"UBA52",1.01287409488356e-64,-0.454799079669387,0.971,0.99,1.60621573966635e-60
"MEIS2",2.18330709858077e-64,0.599212411062228,0.523,0.268,3.46228839692939e-60
"IL32",2.3074373382022e-64,-1.99173531510845,0.059,0.324,3.65913413092105e-60
"RPSA",3.14136262409682e-64,-0.50406517976898,0.981,0.995,4.98157284929274e-60
"LDHB",9.20121765123871e-64,-0.605516169299505,0.027,0.29,1.45912909513344e-59
"RPL8",2.89711026451418e-63,-0.399597440930939,0.999,0.999,4.59423745746658e-59
"RPL13",2.9074896088677e-63,-0.3948542449238,0.999,0.999,4.61069702174239e-59
"CD44",8.64239940820835e-63,-1.58019756440436,0.163,0.423,1.37051169815368e-58
"RPL27",1.38986693033733e-62,-0.480133978727832,0.965,0.982,2.20405097812894e-58
"RPL37",1.30916395483966e-61,-0.420301066952428,0.983,0.994,2.07607219958473e-57
"CDC42EP1",1.99571681089507e-61,-0.739421011451674,0.009,0.258,3.1648077187174e-57
"ANGPTL4",3.13058360104467e-61,-1.14684893212658,0.021,0.274,4.96447947453664e-57
"EDN3",3.91717555821887e-61,0.679601289815769,0.376,0.157,6.21185700022348e-57
"NDRG1",9.05596019883578e-61,-1.02684590083216,0.157,0.44,1.43609416833138e-56
"SORL1",5.56932732287422e-60,0.393013549230649,0.516,0.25,8.83183926861394e-56
"PEMT",1.11031439084745e-59,-1.10533382631843,0.519,0.655,1.76073656100588e-55
"HIGD1A",1.7413928828046e-58,-0.512206440977232,0.115,0.391,2.76150083355153e-54
"PKIB",2.39602292689106e-58,0.36766997445868,0.363,0.15,3.79961315746384e-54
"FTH1",3.07847690187319e-58,-0.697735322070882,0.998,0.998,4.8818486709905e-54
"PTMA",5.74087576691418e-58,-0.689133648707433,0.913,0.953,9.10388079117251e-54
"SLC6A4",1.19859069120221e-57,0.275672769658877,0.142,0.03,1.90072511810847e-53
"RPS7",6.67994959767013e-57,-0.413482690359193,0.992,0.997,1.05930640719853e-52
"EEF1D",1.35050884406885e-56,-0.692956954895291,0.404,0.628,2.14163692492438e-52
"PCBP1",3.99862755773018e-56,-0.527671942354716,0.753,0.885,6.34102358104851e-52
"PAK3",4.03488858188993e-56,0.516158445342532,0.561,0.316,6.39852631316106e-52
"MSN",2.55070443269958e-55,-0.642920208949047,0.03,0.268,4.044907089375e-51
"GNB2L1",3.07775369412128e-55,-0.468290392305168,0.954,0.982,4.88070180813753e-51
"GAS5",6.56506238803766e-55,-0.718603625968582,0.405,0.631,1.04108759349501e-50
"SNAP25",8.38177523676573e-55,0.458018347477278,0.481,0.243,1.32918191704631e-50
"RPS14",1.61251092325506e-54,-0.360589733003905,1,0.999,2.55711982209788e-50
"SVOP",5.13862939806039e-54,0.258862290666132,0.218,0.068,8.14883849944416e-50
"RPL26",7.67465625728474e-53,-0.401231084082811,0.989,0.997,1.21704698928021e-48
"IRX2",8.06857013686865e-53,-0.816694909219636,0.028,0.257,1.27951385230463e-48
"UNC5B",1.44234961893421e-52,0.296179948844356,0.289,0.107,2.28727802570587e-48
"COTL1",2.20473654134193e-52,-0.659463430104528,0.105,0.359,3.49627120726003e-48
"MDK",2.45287838135098e-52,0.420470137765851,0.697,0.447,3.88977453714638e-48
"BACE2",3.94787521254223e-52,-0.635530281643081,0.057,0.294,6.26054051204947e-48
"PDLIM1",8.78418639509551e-52,-0.569537516612028,0.152,0.413,1.39299627853425e-47
"RPL35",9.83960642634335e-52,-0.474656336034363,0.972,0.985,1.56036478708953e-47
"RPS6",2.46155180900589e-51,-0.413273920038235,0.997,0.998,3.90352885872154e-47
"TPT1",2.543506709378e-51,-0.422474901549352,0.999,0.999,4.03349293973163e-47
"RPS5",4.55315951907946e-51,-0.470905928209666,0.984,0.99,7.2204003653562e-47
"NR0B1",6.64385584901559e-51,0.293958297356239,0.239,0.081,1.05358266053689e-46
"SERPINA3",8.52612861838991e-51,-3.32643903502182,0.093,0.319,1.35207347630427e-46
"IFITM2",1.41414873527353e-50,-0.931547463745512,0.046,0.273,2.24255706439676e-46
"C12orf75",1.53687411149031e-50,-0.563421498844249,0.239,0.501,2.43717496600133e-46
"CPE",2.46266633863865e-50,0.549929581327271,0.994,0.748,3.90529627981317e-46
"RPS9",5.24683317081277e-50,-0.388258993505755,0.994,0.998,8.32042804227489e-46
"RPL36",1.21177264758211e-49,-0.444792781357922,0.979,0.985,1.92162906453571e-45
"RPL23",5.96421118380101e-49,-0.398281895750012,0.991,0.997,9.45804609527163e-45
"FXYD5",1.1111870977524e-48,-0.867353225272339,0.154,0.395,1.76212049961576e-44
"RPS12",1.57579687879662e-48,-0.453833441048087,0.998,0.999,2.49889869039568e-44
"S100A11",1.76256295278918e-48,-1.17969141148032,0.602,0.726,2.79507233053308e-44
"ACSL1",2.28734183552369e-48,0.520279543505858,0.372,0.177,3.62726668277347e-44
"RPS15A",3.14814931503593e-48,-0.359093269071513,0.983,0.992,4.99233518378398e-44
"PLD3",5.09207598641633e-48,0.45361808601392,0.87,0.668,8.07501409925901e-44
"PRDX1",2.12885754754408e-47,-0.616626712069098,0.41,0.624,3.3759422988954e-43
"RPL12",2.26027483992291e-47,-0.612837872002238,0.773,0.882,3.58434384114975e-43
"ADCYAP1",3.37503123803296e-47,-1.49447184722993,0.055,0.273,5.35212453727266e-43
"TXN",4.99563933896057e-47,-0.534133134524451,0.462,0.677,7.92208486372368e-43
"PLIN2",5.28527239559711e-47,-0.995882247620742,0.079,0.304,8.3813849649379e-43
"NDUFA4",5.56532287864606e-47,-0.514179331188195,0.226,0.469,8.82548902095692e-43
"MEST",5.6564472029828e-47,0.304803412747664,0.26,0.101,8.96999397449012e-43
"CELF4",6.631051217127e-47,0.310417362498459,0.315,0.134,1.051552102012e-42
"LGALS3",7.40402410331625e-47,-0.559453242594186,0.02,0.226,1.17413014230389e-42
"RPL18",1.19965255935353e-46,-0.341490970711305,0.988,0.997,1.90240902862283e-42
"MTURN",4.16345566255213e-46,0.324921626798083,0.331,0.146,6.60240798967517e-42
"TM4SF1",4.18002601901062e-46,-1.33305501822138,0.162,0.383,6.62868526094704e-42
"CFL1",1.84504835500601e-45,-0.555962695221883,0.837,0.913,2.92587768136853e-41
"RPL15",2.01804124153006e-45,-0.296323833175937,0.997,1,3.20020980081837e-41
"RPL14",3.19778509464444e-45,-0.398041058421728,0.989,0.995,5.07104760308716e-41
"RPL35A",3.97832188758155e-45,-0.40321356964895,0.975,0.987,6.30882284932682e-41
"PSD",5.19427935540502e-45,0.353379797324728,0.48,0.259,8.23708820180127e-41
"SLC39A14",5.96413732667027e-45,-0.646646313837255,0.233,0.467,9.45792897263372e-41
"SERINC2",1.34961867982315e-44,-0.66792544454844,0.052,0.262,2.14022530246355e-40
"EMC10",1.53815520020327e-44,0.416487841294216,0.854,0.651,2.43920651648235e-40
"PCLO",2.86087518447827e-44,0.277208317854535,0.258,0.101,4.53677586754564e-40
"TACSTD2",5.07685288773046e-44,-1.35792881965775,0.025,0.22,8.05087330936297e-40
"PRSS8",5.98687471273709e-44,-0.603994913033057,0.012,0.203,9.49398591945848e-40
"TUBB",6.49087501177181e-44,-0.551861058295462,0.726,0.85,1.02932295936677e-39
"PABPC1",6.84673583886624e-44,-0.502724121145302,0.659,0.801,1.08575536932741e-39
"HEPACAM2",1.81573709562691e-43,0.282714828848128,0.274,0.111,2.87939588624516e-39
"TGM2",2.0701595315851e-43,-1.00001146354123,0.132,0.36,3.28285898518765e-39
"NPDC1",2.279540236249e-43,0.471348038577338,0.672,0.458,3.61489490664367e-39
"KRT7",2.64080860460434e-43,-1.47460503136523,0.017,0.206,4.18779428518156e-39
"RPS3",4.00102718581557e-43,-0.324209831308382,0.994,0.998,6.34482891126633e-39
"EPHX1",5.78665995165564e-43,-0.455075368226494,0.087,0.3,9.17648535133551e-39
"GSN",2.11318445562006e-42,-0.633748187486715,0.164,0.385,3.3510879097223e-38
"RPL32",2.148680616976e-42,-0.367912960811958,0.994,0.993,3.40737772240054e-38
"GNG4",2.16434654386926e-42,-0.62962134658582,0.24,0.478,3.43222074926787e-38
"SYNGR4",2.96321528450076e-42,-0.564197397692655,0.05,0.25,4.6990667981613e-38
"CAMK2B",3.40658238905403e-42,0.320226795048067,0.463,0.245,5.40215835256188e-38
"FXYD2",3.50178161669202e-42,0.50842100473034,0.726,0.493,5.5531252877502e-38
"YBX1",3.81475017097924e-42,-0.442728345614224,0.812,0.898,6.04943082113888e-38
"INSM1",4.18211424176776e-42,0.430621448646579,0.51,0.292,6.63199676459532e-38
"EIF4EBP1",1.06642985946253e-41,-0.407536247280228,0.118,0.338,1.69114447113568e-37
"DUSP4",1.14916619287501e-41,-0.605573507480124,0.092,0.304,1.82234774866118e-37
"PDZK1IP1",2.04495281825821e-41,-0.688788438382648,0.005,0.181,3.24288617919387e-37
"RPS24",2.13714594118243e-41,-0.312280202278635,1,0.999,3.3890860335271e-37
"CDK5R2",2.35250107836733e-41,0.38084115035848,0.52,0.304,3.73059621007491e-37
"EEF1B2",5.7967504692391e-41,-0.545927787773293,0.866,0.921,9.19248689411937e-37
"OAF",6.48472335326329e-41,-0.59396367357219,0.008,0.185,1.02834742936049e-36
"SMIM6",1.40098115617082e-40,0.29024392394967,0.319,0.146,2.22167591745569e-36
"BTG2",2.28078565666313e-40,0.708713000104061,0.591,0.409,3.6168698943364e-36
"PRSS3",2.33470012354696e-40,-1.64760823445517,0.053,0.245,3.70236745592077e-36
"SCGN",2.59857185661214e-40,0.256679111160954,0.909,0.618,4.12081525021554e-36
"CLDN4",3.1206521653677e-40,-0.924680130788946,0.182,0.388,4.94873020384011e-36
"VAMP2",5.28504098968456e-40,0.38408841502878,0.841,0.653,8.38101800144178e-36
"TNS1",6.72774480664545e-40,-0.400805668679688,0.008,0.182,1.06688577143784e-35
"TCEAL2",7.32673361488458e-40,0.279147739981967,0.323,0.151,1.1618734166484e-35
"SVIP",8.69276787214046e-40,0.404201780141971,0.609,0.4,1.37849912916403e-35
"GADD45B",9.70726112676529e-40,-0.523005270883356,0.089,0.299,1.53937746948244e-35
"NFKBIA",1.17360277068345e-39,-0.794164457412029,0.22,0.443,1.86109927374982e-35
"FLNA",1.23105959716706e-39,-0.893443706747754,0.071,0.267,1.95221430918752e-35
"IGF2",1.40513431894597e-39,-0.848679260092764,0.071,0.269,2.22826200298452e-35
"RPL17",2.37512912132779e-39,-0.337820709037088,0.994,0.993,3.76647976060161e-35
"GRASP",2.43942663257525e-39,0.283980804688558,0.301,0.134,3.86844275393783e-35
"CAMK2N1",3.34994152675824e-39,0.489424409250149,0.696,0.507,5.31233727313321e-35
"RPS27",4.85450493959829e-39,-0.324471510920346,0.997,0.998,7.69827393321497e-35
"C8orf4",6.85773734113575e-39,-0.633082008670025,0.007,0.176,1.08749998755731e-34
"MEG3",9.17212689301362e-39,-0.553453072153824,0.046,0.238,1.4545158826941e-34
"PHLDA1",1.41671286348333e-38,-0.542467153816242,0.028,0.209,2.24662325891187e-34
"RPL19",1.89799822009367e-38,-0.289989960215878,1,0.999,3.00984557742455e-34
"SNHG5",2.78485979644627e-38,-0.545787759737652,0.554,0.699,4.4162306652045e-34
"SAT1",3.39358768218855e-38,-1.21404097297813,0.425,0.584,5.3815513464146e-34
"PFN1",3.69461407248077e-38,-0.604503233514221,0.568,0.713,5.85891899614e-34
"HMGN2",3.88872870775791e-38,0.395850865777401,0.755,0.592,6.16674598476249e-34
"VIM",5.30539600468572e-38,-0.821744136039589,0.196,0.415,8.41329698423061e-34
"CACNA1A",5.89443584628155e-38,0.282788852268807,0.348,0.17,9.34739636503328e-34
"EGR4",7.80393452404705e-38,0.574564613835964,0.244,0.103,1.23754793682338e-33
"LGALS1",7.82516791597415e-38,-0.627611128487298,0.006,0.17,1.24091512811518e-33
"CKAP4",1.00319284746435e-37,-0.424876147493491,0.238,0.456,1.59086321750897e-33
"ID2",1.05634112114951e-37,0.588286220086262,0.601,0.406,1.67514574991889e-33
"ETS2",1.81892083328407e-37,-0.576429472491405,0.079,0.269,2.88444465742187e-33
"TPI1",1.91176303589174e-37,-0.454648683968673,0.686,0.822,3.03167382231712e-33
"LAPTM4B",2.9989301726636e-37,-0.40828733042038,0.222,0.461,4.75570346780994e-33
"G6PC2",4.94620705836391e-37,-1.04749646054265,0.095,0.286,7.84369515315349e-33
"NUPR1",8.45699671079126e-37,-0.445538864662018,0.021,0.193,1.34111053839728e-32
"NGFRAP1",9.42962989475719e-37,0.354604946029211,0.709,0.488,1.49535070871059e-32
"DUSP5",1.09366061484707e-36,-0.646782888880654,0.095,0.288,1.73432700302449e-32
"DDIT4",1.61206255252525e-36,-1.14839626382985,0.256,0.451,2.55640879579453e-32
"TMED6",1.73925811076573e-36,0.325784951538474,0.284,0.13,2.75811551205229e-32
"PFKFB3",1.92330208156408e-36,-0.67158455236001,0.043,0.221,3.04997244094431e-32
"HMGA1",2.33273926191694e-36,-0.705229696096588,0.224,0.427,3.69925792154789e-32
"FAM129B",2.67168724155109e-36,-0.536713989521532,0.225,0.428,4.23676162765172e-32
"RNASE1",3.73813700154552e-36,-0.981320833175553,0.008,0.167,5.92793765705089e-32
"RPL37A",7.14476424219477e-36,-0.269853282234433,1,1,1.13301671352725e-31
"GDF15",7.42418774281216e-36,-1.85669845490385,0.128,0.315,1.17732769225515e-31
"SYT4",7.78519498450989e-36,0.293086972157201,0.457,0.257,1.23457622064358e-31
"PPP1R15A",1.01559791070152e-35,-0.548757560014076,0.193,0.404,1.61053516679047e-31
"VWA5A",1.0680907762483e-35,0.365671312009153,0.519,0.319,1.69377835297455e-31
"AHI1",1.33603342622485e-35,0.27404399370729,0.401,0.216,2.11868180730737e-31
"C2CD4B",1.39088202412278e-35,-0.816440506045559,0.28,0.469,2.2056607138539e-31
"SERPING1",1.53712560629603e-35,-0.813836860448799,0.016,0.177,2.43757378646424e-31
"LAD1",1.81549264326917e-35,-0.412574830134867,0.009,0.166,2.87900823369624e-31
"MMP14",2.24884097226511e-35,-0.646912770042719,0.01,0.168,3.56621201381801e-31
"PAPSS2",3.07181892880522e-35,-0.746397233842429,0.327,0.508,4.87129045729932e-31
"CD68",3.19029177377364e-35,-0.46114870658592,0.213,0.431,5.05916469485024e-31
"MYH9",3.56716438800772e-35,-0.718742092413316,0.336,0.514,5.65680928650264e-31
"SERPINH1",4.89957269563231e-35,-0.635738836852374,0.034,0.203,7.76974238073372e-31
"CTRB1",4.93238517192486e-35,-4.4840002910084,0.14,0.321,7.82177640563845e-31
"HES1",5.29464878544475e-35,-0.653887693282773,0.1,0.291,8.39625404395828e-31
"FNIP2",5.35066358937738e-35,-0.477058262198767,0.224,0.43,8.48508232003465e-31
"RPL4",5.5744977374348e-35,-0.344861328573901,0.972,0.982,8.8400385120241e-31
"SOD2",8.91553150371997e-35,-1.12255775440555,0.41,0.576,1.41382498585991e-30
"RPS10",1.13875109043293e-34,-0.298196522866709,0.983,0.991,1.80583147920855e-30
"ANPEP",1.23082719246143e-34,-0.797750312277093,0.008,0.161,1.95184576180533e-30
"TNFRSF11B",1.56478587689512e-34,0.260952526193523,0.107,0.027,2.48143744358028e-30
"ITGA2",2.96608185100336e-34,-0.491260124401517,0.023,0.184,4.70361259932113e-30
"BMP5",3.2869199183049e-34,0.275570246046699,0.264,0.118,5.2123976064479e-30
"IGFBP7",3.4821361895037e-34,-1.17145425598429,0.303,0.476,5.52197156931497e-30
"LCN2",4.59211640821885e-34,-1.61657257146544,0.034,0.196,7.28217820015345e-30
"IL4R",5.5008700260414e-34,-0.323592142891147,0.009,0.162,8.72327968729645e-30
"IFI27L2",6.54721065215484e-34,0.306147643025104,0.557,0.354,1.03825666521871e-29
"ADAMTSL2",8.39739995825201e-34,0.308116571679955,0.28,0.131,1.3316596853796e-29
"IDH2",1.66771101714568e-33,-0.403830075248278,0.117,0.304,2.64465613098962e-29
"CIB1",2.19758452236304e-33,-0.456802138345111,0.565,0.739,3.4849295355633e-29
"RPS23",2.38468750184192e-33,-0.310585419632186,1,0.998,3.78163744042091e-29
"LAMB3",2.74123365332492e-33,-0.532800683739431,0.041,0.209,4.34704832744265e-29
"MAP9",2.982908646937e-33,0.278107065192219,0.314,0.157,4.73029653231269e-29
"CADM1",3.20191193382456e-33,0.307148992712942,0.517,0.319,5.07759194465899e-29
"CYR61",3.42003935697026e-33,-0.744050753666823,0.011,0.161,5.42349841228344e-29
"LBH",3.88925088195905e-33,-0.380187602549085,0.01,0.159,6.16757404861066e-29
"SLC6A6",6.10734907537577e-33,-0.513131384084516,0.086,0.261,9.6850341637309e-29
"HIF1A",1.06847664786152e-32,-0.533924562883165,0.203,0.391,1.6943902681788e-28
"FOSL2",1.30036357875517e-32,-0.390008860047089,0.083,0.261,2.06211656318995e-28
"VEGFA",1.77591753683381e-32,-0.690301940869044,0.434,0.588,2.81625002991105e-28
"NACA",2.56582348370225e-32,-0.377706377264323,0.752,0.852,4.06888288045503e-28
"NUDT4",2.57725549091205e-32,0.362205027252307,0.467,0.291,4.08701175748833e-28
"GATM",2.68549830077752e-32,-0.493702409507001,0.029,0.185,4.258663205373e-28
"SLC25A3",2.89846297356824e-32,-0.393276686942853,0.548,0.701,4.59638258348452e-28
"FANCF",3.4353057424427e-32,0.26525560007922,0.251,0.114,5.44770784636564e-28
"BTG1",5.26833180192618e-32,-0.688734898814826,0.521,0.664,8.35452057149454e-28
"MARCKS",5.78536448886071e-32,-0.47406804011544,0.392,0.572,9.17443100643532e-28
"ACTG1",6.44811465408516e-32,-0.797384806188457,0.974,0.973,1.02254202184482e-27
"ZKSCAN1",6.98352530673307e-32,0.314633438160868,0.452,0.269,1.10744744314173e-27
"TUBB6",7.42248948798483e-32,-0.343290579949994,0.019,0.168,1.17705838300463e-27
"FAM167A",7.83562859861725e-32,0.256811827566086,0.285,0.136,1.24257398316872e-27
"MAPK8IP2",7.97371781389144e-32,0.290057636089503,0.393,0.222,1.2644721709269e-27
"RPS27A",1.02520673726405e-31,-0.267506080318912,0.999,0.999,1.62577284395333e-27
"IMPDH2",1.16030013180328e-31,-0.402561002369358,0.243,0.439,1.84000394901364e-27
"KLF6",1.41340861947481e-31,-0.683661401247208,0.224,0.416,2.24138338876316e-27
"SARAF",1.50632611365779e-31,0.379097457520565,0.756,0.604,2.38873195103852e-27
"PCK1",1.65149574322447e-31,0.592627935819907,0.126,0.039,2.61894194960537e-27
"BTF3",1.8573096130418e-31,-0.383359107079421,0.714,0.815,2.94532158436168e-27
"ITGA5",2.07685218148943e-31,-0.54660306115075,0.007,0.146,3.29347218940594e-27
"MGST1",2.65816617608113e-31,-0.531699741826832,0.02,0.167,4.21531992202946e-27
"TMED8",2.81084091678985e-31,0.257528241345683,0.295,0.145,4.45743152584534e-27
"QPCT",2.91806629529684e-31,0.335650630283993,0.494,0.31,4.62746953108172e-27
"SQSTM1",3.9827859343854e-31,-0.599077344207601,0.778,0.86,6.31590193474837e-27
"CPA2",4.55335389083163e-31,-1.9899338955986,0.034,0.183,7.22070860008081e-27
"CFB",5.17343041783232e-31,-0.992943032741296,0.02,0.166,8.20402595659849e-27
"SYCN",5.9427153143571e-31,-1.82187263834606,0.016,0.158,9.42395794550749e-27
"TMBIM1",7.07087788388633e-31,-0.524944820294709,0.365,0.531,1.12129981482669e-26
"ARG2",8.76592027685062e-31,0.2589224646346,0.329,0.17,1.39009963750297e-26
"KCNH2",9.63389461103915e-31,0.309397306685283,0.413,0.239,1.52774300741859e-26
"RPL30",1.27180394665508e-30,-0.300912117012817,0.997,0.995,2.01682669860563e-26
"RPL24",1.27667038261462e-30,-0.293925038795322,0.992,0.994,2.02454389275026e-26
"TGIF1",1.40709503180634e-30,-0.267836067815154,0.003,0.138,2.23137130143849e-26
"MAFA",1.53434198057237e-30,-0.633904635668355,0.027,0.175,2.43315951279166e-26
"CLDN1",1.78070679534989e-30,-0.385975132950405,0.003,0.137,2.82384483606586e-26
"MAFB",2.04781870657654e-30,-0.862447591216657,0.252,0.427,3.24743090488908e-26
"PLIN3",2.55892714443721e-30,-0.429115550078653,0.149,0.33,4.05794666564853e-26
"SLC22A17",3.25843036013744e-30,0.283016190278052,0.663,0.452,5.16721886510595e-26
"OSMR",4.2897354536117e-30,-0.256047653471999,0.001,0.132,6.80266248233743e-26
"SURF4",6.13587009648963e-30,-0.629243864735574,0.588,0.698,9.73026279901325e-26
"RPLP2",6.43472478709959e-30,-0.27847218455464,1,0.999,1.02041865673825e-25
"MAP2",6.64335095691676e-30,0.313843939297825,0.438,0.264,1.05350259474786e-25
"CTRC",6.90693864879205e-30,-1.98623541006255,0.035,0.18,1.09530233092544e-25
"TKT",7.03171344324449e-30,-0.486444115095047,0.486,0.628,1.11508911782971e-25
"MAP1LC3A",7.41175820347713e-30,0.32002197056716,0.47,0.294,1.1753566159074e-25
"AES",8.71498210240431e-30,0.379355237117444,0.873,0.747,1.38202186179927e-25
"KLK1",1.00503452535844e-29,-0.959304545925751,0.015,0.152,1.59378375031341e-25
"CRMP1",1.32731542750237e-29,0.261132180786701,0.328,0.173,2.10485680493325e-25
"ZYX",1.41727159307763e-29,-0.441340370129862,0.146,0.319,2.24750929230251e-25
"PAPPA2",1.73251874486711e-29,0.452402429077843,0.327,0.174,2.74742822561027e-25
"FGFR1",1.94790129277741e-29,0.378280721217552,0.574,0.401,3.08898187008641e-25
"HLA.B",2.27141240438482e-29,-0.708027259684639,0.703,0.828,3.60200579087345e-25
"pk",2.78985620362352e-29,-0.25963982745749,0.012,0.148,4.42415396770618e-25
"AKR1C3",4.24311955482498e-29,-0.440809030842348,0.018,0.156,6.72873899004145e-25
"HSPA8",5.68936144894606e-29,-0.512904564010052,0.778,0.849,9.02218938573867e-25
"SLC25A37",6.20986577085411e-29,-0.424857309797173,0.074,0.233,9.84760513942044e-25
"COL27A1",6.8827958028952e-29,-0.315532405130615,0.046,0.198,1.09147375842312e-24
"TTC3",1.09916649558021e-28,0.352642105624562,0.7,0.532,1.7430582286911e-24
"PNLIPRP1",1.25080415056279e-28,-1.47295963146517,0.021,0.157,1.98352522196247e-24
"CNN2",1.31801297872863e-28,-0.290683416626349,0.015,0.149,2.09010498166787e-24
"DUSP26",1.68841551334778e-28,0.265985602051562,0.426,0.254,2.6774893210669e-24
"NPM1",2.18205158948763e-28,-0.408860878965106,0.681,0.794,3.46029741060949e-24
"RHOC",5.52810965998454e-28,-0.62374623305061,0.25,0.407,8.76647629880348e-24
"CLIC4",5.72766191716577e-28,-0.327620180135586,0.024,0.162,9.08292626824148e-24
"RPL5",7.08523122193701e-28,-0.297383768501389,0.975,0.984,1.12357596717477e-23
"PPP1R18",8.40479601914048e-28,-0.276684700084429,0.011,0.141,1.3328325527153e-23
"PLTP",1.01189161068799e-27,-0.311111983645139,0.002,0.124,1.60465771622901e-23
"UGDH",1.11995025731313e-27,-0.820720216660277,0.276,0.435,1.77601711804716e-23
"PNLIPRP2",1.15182436633911e-27,-0.826288053333545,0.006,0.129,1.82656308014055e-23
"PRSS1",1.15574266876186e-27,-3.89442610067729,0.14,0.293,1.83277672412256e-23
"PRSS2",1.30699820701286e-27,-4.59903666587984,0.227,0.381,2.072637756681e-23
"KDELR1",1.3562865391859e-27,-0.372288328628712,0.708,0.801,2.15079919384101e-23
"CADPS",1.41023045358869e-27,0.260591273787356,0.404,0.237,2.23634345330094e-23
"C3",1.58210045425406e-27,-0.9277075653237,0.014,0.142,2.50889490035609e-23
"SLC39A1",1.70594735272002e-27,-0.367946975964292,0.296,0.478,2.70529131194342e-23
"GLS",3.14050167529777e-27,-0.493713625018938,0.224,0.387,4.98020755668721e-23
"TPD52",3.4355244290392e-27,0.303862397455003,0.655,0.47,5.44805463957037e-23
"TYMP",4.17585642567433e-27,-0.376553529129224,0.042,0.183,6.62207311983435e-23
"TMEM132A",6.04315866637167e-27,-0.292990905526383,0.059,0.208,9.5832410131322e-23
"GP2",6.40945947459889e-27,-1.04224593270006,0.009,0.132,1.01641208348189e-22
"TUBA1A",6.55897209843305e-27,0.334467186632779,0.904,0.741,1.04012179536951e-22
"PABPC4",6.93937917441865e-27,-0.360293496968789,0.202,0.372,1.10044674947931e-22
"HSPG2",7.20891590647229e-27,-0.469354836558604,0.01,0.134,1.14318988444838e-22
"CLPS",1.07885170158821e-26,-3.42026535540521,0.092,0.239,1.71084302837858e-22
"HK1",2.27256484506828e-26,-0.254291692934701,0.01,0.132,3.60383333130928e-22
"CUZD1",2.49851599173804e-26,-1.19214921824392,0.01,0.131,3.96214665969818e-22
"GNAS",2.71800858186801e-26,0.284956129948203,0.997,0.931,4.31021800912629e-22
"BHLHE40",2.7621213827482e-26,-0.429449843567853,0.198,0.372,4.3801720887621e-22
"VMP1",2.96889650084965e-26,0.48943310340388,0.605,0.46,4.70807607104738e-22
"CPA1",3.16684719997859e-26,-3.66051777892823,0.12,0.266,5.02198628972604e-22
"FAM46A",3.33407110933558e-26,0.306124651124893,0.403,0.246,5.28716996518436e-22
"DEFB1",3.57884584684604e-26,-0.40499822537555,0.019,0.146,5.67533374392845e-22
"IFITM1",4.08382877437143e-26,-0.422000050755297,0.005,0.122,6.47613567039822e-22
"DLK1",4.52779047730252e-26,-1.55285298598492,0.078,0.219,7.18017013890634e-22
"SERPINB1",4.87668556159535e-26,-0.61279687007395,0.277,0.436,7.73344796357791e-22
"DIP2C",6.43243669351116e-26,-0.303278139926975,0.099,0.257,1.020055810857e-21
"HDGF",6.67873048370861e-26,-0.410518257143662,0.471,0.627,1.05911308010651e-21
"EDF1",9.049261337628e-26,-0.368797165193808,0.693,0.791,1.43503186292105e-21
"TINAGL1",9.41446078173332e-26,-0.470685276712682,0.006,0.122,1.49294519076727e-21
"TP53I13",1.38006412829802e-25,-0.278077707869204,0.134,0.298,2.18850569465501e-21
"SGK1",1.42826286687377e-25,-0.322384892063959,0.005,0.119,2.26493925428843e-21
"TUSC3",1.45287433969826e-25,0.271360313965437,0.699,0.514,2.30396812789351e-21
"FAP",1.79928206313072e-25,-0.262143007659244,0.003,0.117,2.8533014957127e-21
"CELA3A",1.91249155266893e-25,-4.4984363934273,0.175,0.321,3.0328291042224e-21
"CLMN",2.20986448384399e-25,-0.264635686824651,0.024,0.151,3.5044030984798e-21
"CELA2A",2.91196689601764e-25,-2.73792270293941,0.055,0.189,4.61779710370478e-21
"NEUROD1",3.86213494116746e-25,0.298484412882201,0.607,0.404,6.12457358970335e-21
"PHB2",4.03376448564436e-25,-0.328434798846742,0.444,0.609,6.39674372133483e-21
"APEX1",4.96998844702627e-25,-0.292847705076709,0.168,0.334,7.88140767929426e-21
"PNLIP",5.58039959607416e-25,-1.84287988896582,0.042,0.17,8.8493976794544e-21
"B4GALT1",6.75001082137995e-25,-0.37580685094748,0.105,0.256,1.07041671605443e-20
"PA2G4",8.41277850011763e-25,-0.347365082527898,0.338,0.504,1.33409841454865e-20
"CTRL",8.61098350216188e-25,-0.441305339441622,0.002,0.112,1.36552976377283e-20
"CD59",1.01498534472763e-24,-0.614329610955268,0.644,0.745,1.60956375966908e-20
"CELA3B",1.01708479002175e-24,-3.41215522009463,0.091,0.228,1.61289306001649e-20
"HSP90AB1",1.15377664760841e-24,-0.294417992100164,0.963,0.981,1.82965900777741e-20
"CELA2B",1.27912691379102e-24,-0.690069068498202,0.003,0.113,2.02843945988981e-20
"SLC44A2",1.48970326174855e-24,-0.258212241480686,0.018,0.138,2.36237143248085e-20
"HN1",1.53254778168741e-24,-0.394035224953167,0.166,0.321,2.43031427219989e-20
"G0S2",1.5818145927757e-24,-0.920390203258408,0.033,0.159,2.5084415812237e-20
"PREPL",2.36312377496096e-24,0.28349448403694,0.47,0.309,3.74744168233309e-20
"LOXL4",3.22902832157158e-24,-0.822817767876533,0.024,0.144,5.12059311234822e-20
"STC2",3.67887437815082e-24,-0.306059367030917,0.032,0.159,5.83395898887157e-20
"EIF3D",3.78004466648917e-24,-0.308992810096972,0.342,0.505,5.99439483211852e-20
"RPS4X",3.89984963759074e-24,-0.265721165463229,0.992,0.995,6.1843815552914e-20
"TMEM123",4.05775336348238e-24,-0.32971201595311,0.212,0.376,6.43478528381036e-20
"PLA2G1B",5.32194551232699e-24,-3.18429615442693,0.105,0.242,8.43954119344815e-20
"FAM89B",7.39883057281686e-24,-0.309326874816383,0.142,0.3,1.1733065522373e-19
"SYNPO",7.83380124018076e-24,-0.360218261578193,0.131,0.287,1.24228420066787e-19
"ACTB",8.1529132169844e-24,-0.638520534084394,0.964,0.966,1.29288897794939e-19
"CTRB2",1.0958029563706e-23,-4.36315074357437,0.243,0.378,1.7377243282125e-19
"DDR1",1.10480437331437e-23,0.330677300802808,0.795,0.638,1.75199877520192e-19
"STOM",1.11123551725054e-23,-0.301317131221768,0.041,0.169,1.7621972832559e-19
"ALDOB",1.11939329170983e-23,-0.861789926836906,0.009,0.119,1.77513388199345e-19
"PIM3",1.24192749676815e-23,-0.420211421626323,0.265,0.422,1.96944862437493e-19
"IL1R1",1.26766489787507e-23,-0.276826769760972,0.034,0.158,2.01026299505029e-19
"SV2A",1.43921640698298e-23,0.252285133083991,0.291,0.16,2.28230937819361e-19
"RPL6",1.49901911867957e-23,-0.257317848246915,0.988,0.994,2.37714451840206e-19
"BEX4",1.5814780898925e-23,0.258241817155734,0.421,0.266,2.50790795495152e-19
"S100A16",1.76812447377169e-23,-0.644649224891545,0.08,0.215,2.80389179050715e-19
"MAGED1",1.78123758339428e-23,0.320913128217287,0.662,0.498,2.82468655974664e-19
"REG1P",1.82284017587975e-23,-0.400004664816659,0.002,0.106,2.89065995091011e-19
"FAU",1.99732410037338e-23,-0.251161217956887,0.975,0.985,3.16735655837211e-19
"CEBPB",2.07830280588735e-23,-0.618571103695943,0.117,0.26,3.29577258957617e-19
"AGT",2.12409785731549e-23,-0.685346382336629,0.089,0.23,3.3683943821309e-19
"PCBP2",2.52277222380177e-23,-0.293034827709896,0.483,0.63,4.00061219250485e-19
"SERBP1",3.12333924366495e-23,-0.316069396762104,0.414,0.577,4.95299137260388e-19
"AGTRAP",3.19719351263264e-23,-0.353345373255743,0.092,0.232,5.07010947233283e-19
"SMIM22",3.22386069721815e-23,0.25120201143673,0.409,0.258,5.11239829364855e-19
"SELM",3.6301591587261e-23,0.25943808797734,0.524,0.356,5.75670639390784e-19
"SDC4",3.64252885955833e-23,-0.947945291074385,0.132,0.268,5.77632226548761e-19
"DHRS3",4.35515507963158e-23,-0.326438772633028,0.093,0.236,6.90640492527976e-19
"GYPC",5.45124282410434e-23,-0.252805640779847,0.002,0.104,8.64458087046466e-19
"MYL12B",5.89972050510985e-23,-0.467624823233707,0.514,0.641,9.35577677700319e-19
"PDLIM7",9.29793823165818e-23,-0.26602861782434,0.035,0.156,1.47446704477635e-18
"TPM1",9.64268935594081e-23,-0.671910772482878,0.2,0.345,1.52913767806509e-18
"CTNNA1",9.71297593351475e-23,-0.352705074545055,0.349,0.504,1.54028372353677e-18
"SPINK1",1.06522407194357e-22,-2.3160569244835,0.184,0.326,1.68923233328812e-18
"C6orf48",1.42151010540083e-22,-0.334241081159478,0.593,0.729,2.25423072514463e-18
"SOX4",1.53080270254591e-22,-1.0007722049447,0.214,0.347,2.4275469256973e-18
"ITGB1",1.68764731963503e-22,-0.609686603292758,0.705,0.772,2.67627111947723e-18
"TSPAN1",1.87160567297688e-22,-0.44348835218427,0.073,0.206,2.96799227620674e-18
"CA12",2.0624093429796e-22,-0.345003566023249,0.005,0.106,3.27056873609704e-18
"CTSH",2.16343166071975e-22,-0.327256022210765,0.01,0.116,3.43076992756938e-18
"S100A14",2.25217473818045e-22,-0.401505751494757,0.002,0.102,3.57149869980656e-18
"RPL13AP17",2.86481591417325e-22,-0.332647942446266,0.547,0.692,4.54302507669593e-18
"CLDN7",3.12798163818218e-22,-0.472233324817939,0.559,0.644,4.96035328182929e-18
"CRTAP",3.44400619275937e-22,-0.314465618659195,0.113,0.255,5.46150502047781e-18
"MYL12A",3.45174243313091e-22,-0.457384049922897,0.305,0.446,5.47377315045899e-18
"PLAU",3.54286976390421e-22,-0.639983481033724,0.02,0.132,5.61828287159929e-18
"MAP4K4",3.76932988183651e-22,-0.348413022883344,0.218,0.379,5.97740332661633e-18
"HLA.E",3.93738837340284e-22,-0.487291397557182,0.568,0.681,6.24391048254222e-18
"DUOXA2",5.7288634427554e-22,-0.755751045111323,0.01,0.114,9.08483164752151e-18
"DBI",5.74398366438546e-22,-0.333999261783437,0.376,0.531,9.10880929498246e-18
"SMAD3",6.72340207803211e-22,-0.301507666478642,0.043,0.164,1.06619710153433e-17
"PLAUR",8.60000933369665e-22,-0.423338725452921,0.053,0.177,1.36378948013761e-17
"FOXD2",9.0950217724766e-22,-0.481149253573155,0.017,0.124,1.44228855267934e-17
"RPL39",9.97812501488248e-22,-0.330717095782929,0.78,0.86,1.58233106486006e-17
"RAB11FIP1",1.28592290262104e-21,-0.459549230751323,0.341,0.487,2.03921653897644e-17
"CDV3",1.38465357405413e-21,-0.300375454459884,0.285,0.444,2.19578363773504e-17
"ID3",1.43820677957723e-21,-0.583829276232717,0.15,0.302,2.28070831105358e-17
"HILPDA",1.46442300019713e-21,-0.502070886846465,0.09,0.227,2.32228199371261e-17
"CEBPD",2.00936031075203e-21,-0.545013282997827,0.266,0.419,3.18644358079057e-17
"AKR1C2",2.08121862598709e-21,-0.491372169408798,0.02,0.127,3.30039649709032e-17
"POLR1D",2.12323022544327e-21,-0.318683354599371,0.273,0.427,3.36701849150793e-17
"ZFAS1",2.2800056618347e-21,-0.331833591375701,0.542,0.678,3.61563297853746e-17
"GC",2.44218863388249e-21,-0.61059177942688,0.139,0.277,3.87282273561085e-17
"COL18A1",2.84331481503151e-21,-0.801793304782324,0.054,0.172,4.50892863367697e-17
"LMNA",3.86825670110291e-21,-0.437206233947135,0.551,0.666,6.134281476609e-17
"RRAS",4.16751772080344e-21,-0.252356053502154,0.073,0.203,6.60884960165009e-17
"FOS",5.11949611333706e-21,0.429958452352075,0.691,0.559,8.11849693652991e-17
"CTSZ",5.21666774723951e-21,-0.439149773272351,0.301,0.447,8.27259171357242e-17
"PMEPA1",5.45960712069593e-21,-1.16869787751377,0.153,0.28,8.6578449719996e-17
"CCND1",5.95672567966551e-21,-0.304206068608714,0.038,0.154,9.44617558281356e-17
"LAMC1",8.07672597006168e-21,-0.33538678225438,0.102,0.24,1.28080720433238e-16
"RRBP1",9.63192210913692e-21,-0.280560899603032,0.206,0.36,1.52743020806693e-16
"OST4",1.2119381953281e-20,-0.307543650949159,0.645,0.739,1.92189159015131e-16
"INSIG1",1.71526235174791e-20,-0.323481824690213,0.12,0.259,2.72006303740184e-16
"NAMPT",1.8579712574351e-20,-0.394730089142087,0.243,0.399,2.94637082004058e-16
"EFHD2",2.11848588901496e-20,-0.265040747298034,0.128,0.268,3.35949492279993e-16
"CCL2",2.16997825544559e-20,-0.879871198659608,0.008,0.103,3.44115151748561e-16
"RPL9",2.24986846674104e-20,-0.304414585353858,0.788,0.867,3.56784141455793e-16
"NFIC",2.30324382116038e-20,-0.315759798378066,0.483,0.616,3.65248405159614e-16
"REG1A",2.42181940119362e-20,-4.68019605137805,0.483,0.582,3.84052120641283e-16
"ENG",3.38877733201489e-20,-0.837211408512905,0.008,0.102,5.37392309310921e-16
"C16orf45",3.52270834174105e-20,0.278897631052427,0.384,0.249,5.58631088833295e-16
"CDKN1A",3.80164070750118e-20,-0.320696361452455,0.346,0.515,6.02864183395538e-16
"ALDOA",4.38847327523361e-20,-0.31383125703702,0.459,0.599,6.95924091986546e-16
"RPS13",4.6726338386316e-20,-0.285961795364118,0.928,0.963,7.409862741302e-16
"RAN",4.74959578633681e-20,-0.332245020720626,0.503,0.633,7.53190899797292e-16
"LPPR2",4.77174127235279e-20,0.254194610628576,0.381,0.247,7.56702730969706e-16
"ARHGDIA",4.92838219338621e-20,-0.304882409378017,0.428,0.574,7.81542848227186e-16
"PLP2",5.48486887010131e-20,-0.359389475623929,0.529,0.646,8.69790505420665e-16
"BIRC3",6.37642697734016e-20,-0.400859178674056,0.062,0.181,1.0111737900666e-15
"ANXA6",6.70169820148376e-20,0.250087496649743,0.626,0.465,1.0627553007913e-15
"MTUS1",9.99955098230977e-20,0.259302030224443,0.386,0.25,1.58572879477468e-15
"ESYT1",1.01690416916569e-19,-0.324827651228548,0.292,0.438,1.61260663146296e-15
"AKR1C1",1.32175041569215e-19,-0.453176939640445,0.018,0.116,2.09603180920461e-15
"EIF1",1.54815839134926e-19,-0.294304403373491,0.989,0.995,2.45506957700165e-15
"TAX1BP3",1.86658042739096e-19,-0.299621695686006,0.148,0.283,2.96002324175658e-15
"INHBA",2.451502458704e-19,-0.834907221393891,0.075,0.198,3.88759259901281e-15
"GADD45A",2.57669453120394e-19,-0.343875702935704,0.14,0.278,4.08612218758321e-15
"REG3G",2.96487712659401e-19,-1.0359912034744,0.014,0.107,4.70170214735277e-15
"CXCL8",3.07544805627351e-19,-0.705053143347063,0.087,0.215,4.87704552763853e-15
"SLC25A6",3.44238595798671e-19,-0.282925205187251,0.745,0.818,5.45893565217533e-15
"MYO1C",3.75939792042946e-19,-0.306682226488601,0.252,0.393,5.96165322221703e-15
"ICAM1",3.87914922255334e-19,-0.321626624828519,0.05,0.163,6.15155483712509e-15
"PIM1",4.12714269226853e-19,-0.275057683211812,0.028,0.131,6.54482288139944e-15
"RPS26",5.19090593513897e-19,-0.312492197660729,0.898,0.931,8.23173863194337e-15
"ACTN4",5.52643554615666e-19,-0.508933910783532,0.636,0.718,8.76382148909524e-15
"HNRNPF",5.61999298710895e-19,-0.307418646441779,0.366,0.506,8.91218487895738e-15
"TUBB3",5.67323782714085e-19,-0.347496826916654,0.136,0.271,8.99662054627996e-15
"PHLDA2",6.43236975781503e-19,-0.327608357959795,0.041,0.148,1.02004519619431e-14
"CNN3",6.63305640147142e-19,-0.32758888511187,0.088,0.212,1.05187008414534e-14
"ETS1",6.95634913714167e-19,-0.3522345685861,0.081,0.201,1.10313784616793e-14
"CITED4",8.15072212728241e-19,-0.267881383634345,0.026,0.125,1.29254151494444e-14
"RPL7",8.51965567940766e-19,-0.267392822210259,0.983,0.988,1.35104699764047e-14
"AHNAK",1.16144742673333e-18,-0.318038511123916,0.053,0.164,1.84182332931371e-14
"GLUL",1.36507130156447e-18,-0.483798047813042,0.2,0.337,2.16473007002093e-14
"MUC1",1.52587785885562e-18,-0.718688710456957,0.071,0.182,2.41973710857323e-14
"BRI3",1.73781022316387e-18,-0.353053084811693,0.569,0.666,2.75581945189326e-14
"PNP",1.89448384668109e-18,-0.301772535470199,0.123,0.252,3.00427248406687e-14
"SLC7A5",1.94124118679176e-18,0.336837194624836,0.427,0.291,3.07842027401437e-14
"MALAT1",1.99385012395137e-18,0.466261820052985,0.95,0.883,3.16184752656208e-14
"STAU1",2.10938012839877e-18,-0.258890301926344,0.226,0.369,3.34505500761477e-14
"KRT10",2.28723077645216e-18,0.26986282587401,0.619,0.486,3.62709056529783e-14
"NDUFA6",2.95283584707501e-18,-0.295857097298824,0.387,0.529,4.68260708629155e-14
"SOD3",3.46237453144e-18,-0.26070097806321,0.043,0.147,5.49063353195755e-14
"TAPBP",3.48055564130252e-18,-0.346051311787305,0.472,0.591,5.51946513597753e-14
"MAFF",3.8903379778102e-18,-0.278809938239629,0.075,0.191,6.16929796521141e-14
"CXCL2",4.3081995600985e-18,-0.351363624768169,0.017,0.108,6.83194286240421e-14
"VDAC1",4.30933807968334e-18,-0.329357471708663,0.385,0.521,6.83374832676183e-14
"SERP1",4.80804401777515e-18,-0.300744157768374,0.542,0.666,7.62459620338783e-14
"CBX3",4.8222554359375e-18,-0.28115145763562,0.222,0.358,7.64713267030969e-14
"SPARC",4.84053600774908e-18,-1.06241270131379,0.012,0.1,7.6761220010885e-14
"PPAP2B",5.66208967478012e-18,-0.415705705851567,0.012,0.1,8.97894180626632e-14
"ATP1B3",7.26555264516484e-18,-0.255427897093008,0.114,0.238,1.15217133847024e-13
"GALNT2",7.41229551901949e-18,-0.296952944623861,0.149,0.276,1.17544182340611e-13
"HNRNPC",9.3400958997122e-18,-0.305965089931908,0.699,0.785,1.48115240777636e-13
"WLS",1.12902098985613e-17,-0.309150267766983,0.175,0.306,1.79040148571385e-13
"TSPO",1.21999428815234e-17,-0.335931853885192,0.16,0.286,1.93466694215198e-13
"MYADM",1.26494928992521e-17,-0.38222664818735,0.306,0.437,2.0059565839634e-13
"C9orf3",1.68073483357254e-17,-0.320798257854807,0.24,0.371,2.66530929907933e-13
"EFNA1",1.75193104350511e-17,-0.473949131172092,0.101,0.216,2.7782122487904e-13
"CTSD",2.0338704620407e-17,-0.907929834682633,0.616,0.683,3.22531177870415e-13
"NCL",2.09761897698909e-17,-0.269645189054683,0.336,0.479,3.3264041737093e-13
"PSMA7",2.38895584735978e-17,-0.304845175748754,0.537,0.661,3.78840618274314e-13
"SH3BGRL3",2.4872428764935e-17,-0.518032890519244,0.533,0.627,3.9442697535434e-13
"TIMP1",2.53593404213773e-17,-0.621415853140004,0.908,0.744,4.021484204022e-13
"TPM3",3.30788335991108e-17,-0.278772688337432,0.436,0.581,5.245641432147e-13
"OAZ1",3.39802601034445e-17,-0.29193495601355,0.894,0.937,5.38858964720423e-13
"TNIP1",5.38895874331256e-17,-0.293483427920106,0.162,0.286,8.54581077514506e-13
"ATP5D",6.67902432462675e-17,-0.256640804391592,0.653,0.739,1.05915967739931e-12
"PNRC1",7.91921008049438e-17,-0.38044681413245,0.413,0.531,1.2558283345648e-12
"SCG2",9.56347508241101e-17,0.383172747175193,0.827,0.637,1.51657587856874e-12
"TSC22D1",1.33864638375858e-16,-0.666356732693029,0.515,0.606,2.12282543536435e-12
"PARVB",1.54788388922144e-16,0.310753752265525,0.455,0.331,2.45463427152736e-12
"GCG",2.4520930285474e-16,-5.19398165850978,0.74,0.721,3.88852912467047e-12
"TMEM109",2.72254350110788e-16,-0.277587215580743,0.342,0.473,4.31740948405688e-12
"NDFIP1",3.62128614951545e-16,0.251741983052443,0.673,0.546,5.7426355759016e-12
"LRRFIP1",3.9377716152658e-16,-0.28983814206089,0.215,0.342,6.24451822748851e-12
"SRM",4.38205161297588e-16,-0.265473768827797,0.23,0.363,6.94905744785714e-12
"ARL4C",4.52201279352975e-16,-0.292762583135209,0.051,0.149,7.17100788797947e-12
"ECH1",4.68560503441299e-16,-0.278523127518166,0.337,0.463,7.43043246357213e-12
"RPS4Y1",4.85029449881908e-16,-0.384643791458377,0.374,0.487,7.6915970162273e-12
"HOPX",4.94947386163349e-16,-0.288697493228225,0.115,0.228,7.84887564977839e-12
"SEMA4B",5.30959160817584e-16,-0.318053922266383,0.224,0.353,8.41995037224525e-12
"MALL",6.57059205181358e-16,-0.31113795835225,0.018,0.1,1.0419644875766e-11
"EDIL3",7.24863627109473e-16,-0.262393624988771,0.126,0.242,1.1494887398702e-11
"UBALD2",7.44218542419934e-16,-0.280812593824543,0.206,0.33,1.18018176456953e-11
"SPP1",9.18847551792433e-16,-1.56265895995072,0.054,0.15,1.45710844763244e-11
"SNRPB",9.68621866266201e-16,-0.301081192571346,0.455,0.568,1.53604055552494e-11
"TMEM30A",1.10649148562759e-15,0.262591061981736,0.59,0.474,1.75467419790823e-11
"ELF3",1.17826119218803e-15,-0.607577712736715,0.377,0.486,1.86848659857177e-11
"PAM",1.96877605351834e-15,0.270055652667537,0.845,0.666,3.12208506566939e-11
"RAC1",2.06346443862084e-15,-0.3014983317407,0.81,0.855,3.27224190676493e-11
"KLHL41",2.39560514871325e-15,-0.259483242442518,0.025,0.109,3.79895064482947e-11
"FOXP1",2.99176823192842e-15,0.250484502155451,0.452,0.332,4.74434606219209e-11
"STMN2",3.34188000536531e-15,0.479423681006344,0.39,0.281,5.29955331250831e-11
"VAMP8",3.48385847669867e-15,-0.300202804949153,0.378,0.498,5.52470277234875e-11
"SLC25A5",4.0220815874321e-15,-0.311069886648136,0.562,0.653,6.37821698134982e-11
"HLA.C",4.35522109743462e-15,-0.438849868642465,0.845,0.875,6.90650961631183e-11
"PPP1CA",4.71341877660021e-15,-0.264294546531348,0.307,0.427,7.47453949593262e-11
"CAP1",6.13549255332596e-15,-0.283630738607151,0.466,0.588,9.72966409106431e-11
"EIF5A",6.4552426738618e-15,-0.296337847650201,0.642,0.724,1.023672383221e-10
"UGCG",6.45924704827271e-15,-0.267212876150263,0.077,0.177,1.02430739691509e-10
"NAA20",6.49707690293651e-15,-0.28730000966925,0.384,0.505,1.03030645526767e-10
"B2M",6.86829208012791e-15,-0.465486068115527,0.999,0.98,1.08917375806668e-10
"PLOD2",6.95418940243227e-15,-0.31645377939204,0.311,0.439,1.10279535543771e-10
"POLD4",7.10148747215482e-15,-0.273571464162017,0.23,0.344,1.12615388333431e-10
"TPM4",8.71285504696122e-15,-0.425798867901722,0.359,0.467,1.38168455334711e-10
"FADS2",1.04537796428743e-14,-0.263198078965297,0.152,0.265,1.65776037576701e-10
"LAMC2",1.08425824722706e-14,-0.454332160142045,0.051,0.143,1.71941672845267e-10
"TMSB4X",1.47887062828815e-14,-1.25072070024081,0.887,0.865,2.34519304233935e-10
"ITM2B",2.32800633713995e-14,-0.319539294867696,0.812,0.838,3.69175244943653e-10
"GLTSCR2",3.12627791843505e-14,-0.269106346549877,0.484,0.593,4.9576515230543e-10
"MGAT4B",4.2591158203634e-14,-0.327673825822688,0.302,0.419,6.75410586793229e-10
"KIAA1522",4.25952316876393e-14,-0.264224093572704,0.12,0.226,6.75475184102584e-10
"VGF",4.9967633866638e-14,-0.988480169221507,0.632,0.629,7.92386737857146e-10
"PRKAR1A",6.82950775728139e-14,0.250957849674292,0.677,0.571,1.08302334014968e-09
"FSTL1",7.59980086300137e-14,-0.296783177320804,0.041,0.123,1.20517642085476e-09
"MEAF6",1.22332334174196e-13,0.257511312282846,0.4,0.296,1.9399461553344e-09
"IGFBP3",1.32810639694826e-13,-0.854625307306096,0.038,0.12,2.10611112428055e-09
"CD24",1.53408222052025e-13,-0.899471187689476,0.364,0.443,2.43274758530102e-09
"BCL2L1",1.99254337850508e-13,-0.278563970061396,0.338,0.449,3.15977528963335e-09
"CYB5A",2.00213405372821e-13,-0.316920254089727,0.279,0.387,3.1749841824022e-09
"MYL6",2.23297632691333e-13,-0.275934150043371,0.936,0.956,3.54105385921917e-09
"ADM",2.46401297455068e-13,-0.371024883121446,0.169,0.281,3.90743177504246e-09
"NMB",3.033349060442e-13,-0.44313065643775,0.146,0.253,4.81028494004893e-09
"TUBB4B",3.30162099447693e-13,-0.320054057103672,0.591,0.673,5.23571057304152e-09
"MARCKSL1",4.06952166017045e-13,-0.368290925642741,0.17,0.274,6.45344744869829e-09
"CNDP2",4.54578254712602e-13,-0.268846480628564,0.282,0.398,7.20870196323245e-09
"SNHG8",4.936772759939e-13,-0.308138081260515,0.579,0.664,7.82873424271127e-09
"PLXNB2",6.18262250210199e-13,0.309210339993375,0.589,0.485,9.80440276383334e-09
"HMOX1",6.94000672857921e-13,-0.489038879569377,0.029,0.104,1.10054626701809e-08
"POMP",7.00693517029172e-13,-0.271250215020393,0.443,0.55,1.11115977930486e-08
"KRT19",7.03102874069669e-13,-1.31785431651178,0.12,0.207,1.11498053769968e-08
"ERGIC1",1.19332231370417e-12,-0.292938901583942,0.25,0.353,1.89237052507207e-08
"REG1B",1.38906640172077e-12,-3.57155492445085,0.222,0.306,2.20278149984879e-08
"CLIC1",2.18031842402286e-12,-0.250736268989249,0.777,0.836,3.45754895681545e-08
"METTL5",2.86740931497952e-12,0.278365028084767,0.592,0.498,4.54713769169453e-08
"SLC12A7",3.43488193279643e-12,-0.265383994848516,0.142,0.244,5.44703576902858e-08
"LDLR",5.15469137232583e-12,-0.271049269392189,0.18,0.286,8.1743095782343e-08
"CD82",8.76179244672011e-12,-0.279311886795371,0.23,0.331,1.38944504620087e-07
"F3",8.95937921357373e-12,-0.553402983077361,0.1,0.186,1.42077835568852e-07
"IMPA2",9.47691951000054e-12,-0.279594111056835,0.181,0.284,1.50284989589589e-07
"KRT8",1.03919134913506e-11,-0.99271759724953,0.512,0.556,1.64794964145838e-07
"ATF4",1.16589237250763e-11,-0.293417929332276,0.545,0.616,1.8488721243226e-07
"CDH1",2.44540826545151e-11,-0.372290545530265,0.396,0.489,3.87792842735301e-07
"PGK1",2.5287526998637e-11,-0.293779009874245,0.519,0.6,4.01009603144385e-07
"NKX6.1",3.08120187378304e-11,-0.344597588558755,0.17,0.26,4.88616993144515e-07
"SMIM24",3.45544324393033e-11,-0.319637646111167,0.099,0.186,5.47964189622472e-07
"ACADVL",3.5681720904446e-11,-0.262591438405163,0.48,0.575,5.65840730102705e-07
"LDHA",7.11750012808174e-11,-0.398637428271644,0.354,0.445,1.1286931703112e-06
"JUP",8.17794680486096e-11,-0.383381276556638,0.304,0.394,1.29685880431485e-06
"PDIA4",1.22964670017377e-10,-0.37649137878234,0.288,0.385,1.94997373713557e-06
"ATF3",1.45991298141677e-10,-0.381619200890303,0.18,0.277,2.31513000593071e-06
"CAMK2G",1.95001675810666e-10,-0.370068398997534,0.162,0.249,3.09233657500554e-06
"GSTO1",2.51697734298618e-10,-0.274631181701965,0.356,0.457,3.99142267050748e-06
"GPX1",4.03255606678372e-10,-0.320088372449675,0.45,0.537,6.39482741070563e-06
"HSD17B12",9.36834906930748e-10,-0.279075482493809,0.242,0.33,1.48563279541078e-05
"WARS",1.0351671648546e-09,-0.282131585124594,0.205,0.297,1.64156809002643e-05
"IER2",1.86251967749691e-09,0.263293525681927,0.494,0.397,2.95358370457461e-05
"ANXA4",2.09767327432342e-09,-0.642886966228267,0.145,0.22,3.32649027842208e-05
"PAX6",2.14712558999617e-09,0.344854070063281,0.62,0.499,3.40491176061593e-05
"RNASEK",4.78200273727177e-09,-0.324687008494239,0.941,0.932,7.58329994076558e-05
"CDKN1C",5.0926183720035e-09,-1.27653187708612,0.34,0.402,8.07587421432315e-05
"COL1A1",7.67347175916508e-09,-2.11632052287341,0.046,0.105,0.00012168591515684
"AGRN",1.04935899284631e-08,-0.2559624602275,0.096,0.165,0.000166407349085568
"KRT18",1.09033223662726e-08,-0.863508357850463,0.387,0.43,0.000172904886084351
"IER3",1.15145366228144e-08,-0.422457507220486,0.571,0.668,0.00018259752176459
"C2CD4A",1.87269969149486e-08,-0.407797028065733,0.338,0.409,0.000296972717077255
"RGS16",2.29964443138229e-08,-0.342536330930756,0.066,0.129,0.000364677613928604
"PTGR1",4.27774380967164e-08,-0.278784975372269,0.123,0.194,0.000678364613337729
"REG3A",9.13102411766962e-08,-2.3597640866139,0.064,0.121,0.00144799780458005
"CD99",9.50883186245614e-08,-0.533480355922591,0.905,0.803,0.00150791055674829
"CD74",1.31354016209426e-07,-0.662647021438618,0.11,0.174,0.00208301198904907
"ANXA5",1.60759650850631e-07,-0.256380790070953,0.582,0.64,0.00254932654318931
"IAPP",1.99947950496968e-07,-3.84577696620784,0.671,0.619,0.00317077459898093
"FBXO16",2.94835396430272e-07,-0.253947381862345,0.385,0.465,0.00467549971659125
"FABP5",3.478191642394e-07,0.473410925719049,0.274,0.205,0.0055157163065084
"NPTX2",1.09505520172503e-06,-0.31216493717448,0.134,0.195,0.0173653853889555
"EGFL7",1.32519132031308e-06,-0.282865304092451,0.12,0.179,0.0210148839575248
"HSPB1",4.64170388350618e-06,-0.56494963228556,0.836,0.808,0.0736081401846411
"CFC1",8.31547410766502e-06,-0.261395868553004,0.252,0.308,0.131866788399352
"PKM",9.06585541034471e-06,-0.254535651793287,0.815,0.809,0.143766335097246
"IGFBP4",1.09747003052366e-05,-0.72068589582052,0.097,0.146,0.174036797440441
"INS",1.20085114767711e-05,-4.52174758680778,0.952,0.86,0.190430974998635
"LMCD1",1.66680717807064e-05,-0.296613681992217,0.19,0.249,0.264322282298443
"C10orf10",1.90943549585342e-05,-0.753698220296414,0.452,0.494,0.302798280932435
"RHOB",2.56823350863145e-05,-0.402687804031911,0.425,0.458,0.407270469798775
"CTSL",3.57501414490755e-05,-0.259152384866564,0.297,0.359,0.566925743099439
"ID1",0.000171152017679029,0.317829194708425,0.477,0.435,1
"DUSP1",0.000205352782333446,-0.32833328735371,0.372,0.422,1
"GSTP1",0.000263798530249218,-0.364779709148548,0.625,0.61,1
"RGS4",0.0005727991008891,-0.277857663642777,0.267,0.313,1
"SLC7A2",0.000596552268950448,-0.377809297984935,0.539,0.531,1
"MT2A",0.0020823300783113,-0.662346729887195,0.242,0.282,1
"XBP1",0.00225375210637901,-0.256798156036151,0.697,0.708,1
"PPP1R1A",0.00396571539802057,-0.413999729740018,0.569,0.545,1
"ATP1A1",0.00520053393142678,-0.328137204088607,0.735,0.728,1
"MUC13",0.0151644134815054,-0.707157080185459,0.236,0.247,1
"CTSB",0.0358749773668561,-0.276550726027682,0.553,0.569,1
"NPY",0.0474011421232453,0.675353760207222,0.114,0.096,1
"SLC30A8",0.0749571713797827,-0.509071144238096,0.45,0.418,1
"HERPUD1",0.0980843857096776,-0.262333516445209,0.417,0.431,1
"CPB1",0.153744401826021,-2.132659381848,0.218,0.216,1
"IGFBP5",0.249308290047446,-0.779131225777234,0.124,0.136,1
"CRYBA2",0.347567328924524,-0.410490692628895,0.247,0.214,1
"ERO1B",0.455944772170183,-0.350951097372028,0.51,0.43,1
"PDK4",0.63509146717284,-0.296302706535124,0.445,0.418,1
"CHGA",0.638046132492262,-0.355622966100446,0.92,0.708,1
"C11orf96",0.676694573548859,-0.678843216649978,0.142,0.141,1
"S100A10",0.716511544930132,-0.411818594921525,0.381,0.348,1
"HSPA5",0.887289084357538,-0.582603948923821,0.776,0.745,1
"COL6A1",0.958373606683699,-0.83724259622235,0.166,0.156,1
"TTR",0.978841998743361,-2.38110594666686,0.925,0.747,1
